Ano;UE27;UE28;ZE19;DE;AT;BE;BG;CY;HR;DK ;SK;SI;ES ;EE ;FI ;FR;GR;HU;IE ;IT;LV;LT;LU ;MT ;NL ;PL;PT ;CZ;RO ;SE;IS ;NO;UK ;CH 
1960;;;;33.8;37.5;31.4;45.1;;70.4;21.5;28.6;35.1;35.4;31.1;21;27.7;40.1;47.6;29.3;43.9;27;38;31.5;38.3;16.5;56.1;77.5;20;75.7;16.6;13;16;22.5;21.1
1961;38.2;36.2;34.8;31.7;32.7;28.1;37.8;40;62.9;21.8;27.8;29.4;37.3;28;20.8;26;39.8;44.1;30.5;40.7;24.1;35.4;26.2;31.8;15.4;54.1;88.8;19.3;71.4;15.8;19.5;15.6;22.1;21
1962;36.5;34.7;33.3;29.3;32.8;27.5;37.3;38;59.4;20.1;25.5;30;32.4;25.2;20.5;26.1;40.3;47.9;29.1;41.8;24.2;36.3;31.1;35;15.3;54.8;78.6;21.1;60.3;15.4;17;15.3;22.3;21.2
1963;34.4;32.8;31.9;27;31.3;27.2;35.7;36;56.4;19.1;26.2;29.6;31.7;26;18.2;25.8;39.3;42.9;26.6;40.1;25.9;35.1;28.6;34.2;15.8;50.5;73.1;19.7;55.2;15.4;17;14.5;21.8;20.5
1964;32;30.5;29.7;25.3;29.2;25.3;32.9;34;53.5;18.7;25.6;28.1;30.8;25.4;17;23.7;35.8;40;26.7;36.1;22;29.9;29.8;34.3;14.8;49.5;69;19.1;48.6;14.2;17.5;14.6;20.6;19
1965;30.1;28.8;28.4;23.9;28.3;23.7;30.8;32;49.5;18.7;28.5;29.6;29.4;20.3;17.6;22.4;34.3;38.8;25.2;36;18.9;24.7;24;34.8;14.4;41.6;64.9;23.7;44.1;13.3;15;14.6;19.6;17.8
1966;29.3;28;27.7;23.6;28.1;24.7;32.2;30;41.7;16.9;27;26;28;20;15;22.2;34;38.4;24.9;34.7;17;23.3;26.8;30.1;14.7;38.8;64.7;21.9;46.6;12.6;13.6;12.2;19.7;17.1
1967;28.8;27.5;26.2;22.9;26.4;22.9;33.1;29;41.5;15.8;25.3;26.7;26.1;19.2;14.8;20.8;34.3;37;24.4;33.2;17.3;20.5;20.4;27.3;13.4;38;59.2;21.5;46.6;12.9;13.4;12.8;18.8;17.5
1968;29.3;28;25.7;22.8;25.5;21.7;28.3;28;41.1;16.4;23.2;27.1;24.6;18;13.8;20.5;34.4;35.8;21;32.7;18.9;19.9;17;27.2;13.6;36.3;61.1;21.6;59.5;13.1;14;11.9;18.7;16.1
1969;28.1;26.9;24.7;23.4;25.4;21.2;30.5;27;37.6;14.8;25.5;25.4;22.6;16.7;14.3;19.7;31.8;35.7;20.6;30.8;17.7;20.7;17.5;24.3;13.2;37.4;55.8;21.7;54.9;11.7;11.6;12.3;18.6;15.4
1970;26.6;25.6;23.7;23.6;25.9;21.1;27.3;26;34.2;14.2;25.7;24.5;20.7;17.7;13.2;18.2;29.6;35.9;19.5;29.6;17.7;19.3;24.9;27.9;12.7;36.4;55.5;20.2;49.4;11;13.2;11.3;18.5;15.1
1971;24.5;23.6;22.5;23.3;26.1;20.4;24.9;24;29.5;13.5;24.4;25.5;18.8;17.5;12.7;17.2;26.9;35.1;18;28.5;15.9;14.8;22.5;23.9;12.1;29.3;51.9;20.2;42.4;11.1;12.9;11.3;17.9;14.3
1972;23.1;22.4;21;22.7;25.2;18.8;26.2;21;27.6;12.2;25.4;21;16.3;15.9;12;16.1;27.3;33.2;18;27;16;17.4;14;16.7;11.7;28.3;41.4;19.5;40;10.8;11.3;10.5;17.5;13.3
1973;22.7;22.1;20.5;22.9;23.8;17.7;26.2;18;26.2;11.5;24.9;21.2;15.2;15.9;10.6;15.5;24.1;33.8;18;26.2;15.8;18.1;15.3;23.5;11.5;29.5;44.8;19.5;38.1;9.9;9.6;10.4;17.2;13.2
1974;21;20.8;18.9;21.1;23.5;17.4;25.5;20.9;25.2;10.7;22.8;19;13.7;17.6;11;14.7;23.9;34.3;17.8;22.9;18.4;19.4;13.5;19.7;11.3;23.4;37.9;19.3;35;9.6;11.7;9.2;19.9;12.5
1975;21.1;20.8;19;19.8;20.5;16.1;23.1; 18.2;23;10.4;23.7;17.3;18.9;18.2;9.6;13.8;24;32.8;17.5;21.2;20.3;19.6;14.8;18.3;10.6;24.8;38.9;19.4;34.7;8.6;12.5;9.5;18.9;10.7
1976;19.5;19.3;17.4;17.4;18.2;15.3;23.5;15.7;22.4;10.2;24.5;19.4;17.1;17.5;9.8;12.5;22.5;29.8;15.5;19.5;20.1;18.2;17.9;15.6;10.7;23.7;33.4;19.1;31.4;8.3;7.7;8.8;17.1;10.7
1977;18.4;18.2;15.8;15.5;16.8;13.6;24;15.6;21.5;8.7;21.5;17.6;16;17.5;9;11.4;20.4;26.2;15.5;18.1;18.3;17.2;10.6;13.8;9.5;24.5;30.3;18.7;31.2;8;9.5;8.2;16.6;9.8
1978;17.9;17.7;15;14.7;15;13.3;22.2;15.6;20.9;8.8;21.8;16.6;15.3;16.5;7.5;10.7;19.3;24.4;14.9;17.1;18.1;18.2;10.6;15.1;9.6;26.8;29.1;17.1;30.3;7.8;11.3;7.7;15.6;8.6
1979;17;16.7;14;13.5;14.7;12.3;19.8;13.2;19.2;8.8;20.9;15.4;14.3;18.3;7.6;10;18.7;24;12.8;15.7;18.3;16.8;13;15.6;8.7;25.2;26;15.8;31.6;7.5;5.4;7.6;14.8;8.5
1980;16.1;15.9;13;12.6;14.3;12.1;20.2;14.4;20.6;8.4;20.9;15.3;12.3;17.1;7.6;10;17.9;23.2;11.1;14.6;15.3;14.5;11.5;15.2;8.6;25.4;24.3;16.9;29.3;6.9;7.7;8.1;13.9;9.1
1981;15.4;15.2;12.4;11.6;12.6;11.5;18.9;14.4;18.9;7.9;19.2;13.1;12.5;17;6.5;9.7;16.3;20.8;10.3;14.1;16;16.5;13.8;11;8.3;24.9;21.8;15.4;28.6;6.9;6;7.5;13;7.6
1982;14.7;14.5;11.7;10.9;12.8;11.1;18.2;14.3;18.3;8.2;17.9;14;11.3;17.2;6;9.5;15.1;20;10.5;13;13.9;15;12.1;14.9;8.3;24.4;19.8;15;28;6.8;7.1;8.1;12.8;7.7
1983;14;13.7;11.2;10.3;11.9;10.6;16.5;14.3;18.7;7.7;17.5;13.9;10.9;16.1;6.2;9.1;14.6;19;10.1;12.3;15.9;13.9;11.2;14.9;8.4;23.1;19.2;14.5;23.9;7;6.2;7.9;11.9;7.6
1984;13.4;13.1;10.4;9.6;11.4;10;16.1;14.4;16.8;7.7;17.2;13.9;9.9;13.6;6.5;8.3;14.3;20.4;9.6;11.4;12.9;13.4;11.7;11.7;8.3;23;16.7;14.1;23.4;6.4;6.1;8.3;11.3;7.1
1985;13.1;12.8;10;8.9;11.2;9.8;15.4;14.4;16.6;7.9;16.3;13;8.9;14.1;6.3;8.3;14.1;20.4;8.8;10.5;13;14.2;9;14.5;8;22.1;17.8;12.5;25.6;6.8;5.7;8.5;11.1;6.9
1986;12.3;12;9.5;8.6;10.3;9.6;14.7;14.4;15.7;8.2;15;11.9;9.2;16;5.8;8;12.2;19;8.9;10.2;12.8;11.6;7.9;10.1;7.7;21.3;15.8;12.3;23.2;5.9;5.3;7.8;9.5;6.8
1987;12.4;12;9.1;8.3;9.8;9.7;14.7;13.2;14;8.3;14.2;11.1;8.9;16;6.2;7.8;11.7;17.3;7.9;9.8;11.3;12.3;9.4;7.3;7.6;21.2;14.2;12;28.9;6.1;7.3;8.4;9.1;6.8
1988;11.4;11.1;8.6;7.5;8.1;9;13.6;13;13.1;7.6;13.3;10;8;12.5;6;7.8;11;15.8;8.9;9.3;11;11.6;8.5;8;6.8;19.9;13;11;25.4;5.8;6.2;8;9;6.8
1989;11.1;10.8;8.2;7.4;8.3;8.5;14.4;12.9;11.7;8;13.5;8.1;7.8;14.8;6.1;7.5;9.7;15.7;8.1;8.7;11.3;10.7;9.9;10.4;6.8;19.3;12.1;10;26.9;5.8;5.5;7.8;8.4;7.3
1990;10.7;10.3;7.9;7;7.8;8;14.8;12.9;10.7;7.5;12;8.4;7.6;12.3;5.6;7.3;9.7;14.8;8.2;8.1;13.7;10.2;7.3;9.1;7.1;19.4;10.9;10.8;26.9;6;5.9;6.9;7.9;6.8
1991;10.2;9.8;7.8;6.9;7.5;8.3;16.9;12.2;11.1;7.3;13.2;8.2;7.2;13.3;5.8;7.3;9;15.6;7.6;8;15.7;14.4;9.2;9.6;6.5;18.2;10.8;10.4;22.7;6.2;5.5;6.2;7.4;6.2
1992;9.7;9.3;7.4;6.2;7.5;8.2;15.9;11.1;11.6;6.6;12.6;8.9;7.1;15.7;5.2;6.8;8.4;14.1;6.5;7.8;17.6;16.3;8.5;10.8;6.3;17.5;9.2;9.9;23.3;5.3;4.8;5.8;6.6;6.4
1993;9.1;8.7;6.9;5.8;6.5;8;15.5;8.7;9.9;5.4;10.6;6.8;6.7;15.6;4.4;6.5;8.5;12.5;6.1;7;16.2;15.7;6;8.2;6.3;16.2;8.6;8.5;23.3;4.8;4.8;5;6.3;5.6
1994;8.6;8.3;6.4;5.6;6.3;7.6;16.3;8.6;10.2;5.5;11.2;6.5;6;14.4;4.7;5.9;7.9;11.5;5.7;6.4;15.7;14.2;5.3;9.1;5.6;15.1;7.9;7.9;23.9;4.4;3.4;5.2;6.2;5.1
1995;7.7;7.5;5.9;5.3;5.4;6;14.8;8.5;8.9;5.1;11;5.5;5.5;14.9;3.9;4.9;8.1;10.7;6.4;6.1;18.8;12.5;5.5;8.9;5.5;13.6;7.4;7.7;21.2;4.1;6.1;4;6.2;5.1
1996;7.4;7.2;5.6;5;5.1;5;15.6;8.5;8;5.6;10.2;4.7;5.5;10.5;4;4.8;7.2;10.9;6;6;15.9;10.1;4.9;10.9;5.7;12.2;6.8;6;22.3;4;3.7;4;6.1;4.7
1997;6.9;6.8;5.3;4.9;4.7;5.4;17.5;8;8.2;5.2;8.7;5.2;5;10;3.9;4.7;6.4;9.9;6.1;5.5;15.3;10.3;4.2;6.8;5;10.2;6.4;5.9;22;3.6;5.5;4.1;5.8;4.8
1998; 6.6;6.5; 5.2;4.7;4.9;5.2;14.4;7;8.2;4.7;8.8;5.2;4.9;9.4;4.2;4.8;6.7;9.7;5.9;5.2;15;9.3;5;7.3;5.2;9.5;6;5.2;20.5;3.5;2.6;4;5.7;4.8
1999;6.2;6.1;4.9;4.5;4.4;4.9;14.6;6;7.7;4.2;8.3;4.5;4.5;9.6;3.6;4.4;6.2;8.4;5.9;4.9;11.3;8.7;4.7;7.5;5.2;8.9;5.6;4.6;18.6;3.4;2.4;3.9;5.8;4.6
2000;6;5.9;4.7;4.4;4.8;4.8;13.3;5.6;7.4;5.3;8.6;4.9;4.4;8.4;3.8;4.5;5.9;9.2;6.2;4.3;10.3;8.6;5.1;5.2;5.1;8.1;5.5;4.1;18.6;3.4;3;3.8;5.6;4.9
2001;5.8;5.8;4.6;4.3;4.8;4.5;14.4;4.9;7.7;4.9;6.2;4.2;4;8.8;3.2;4.6;5.1;8.1;5.7;4.4;11;8;5.9;3.8;5.4;7.7;5;4;18.4;3.7;2.7;3.9;5.5;5
2002;5.5;5.4;4.4;4.2;4.1;4.4;13.3;4.7;7;4.4;7.6;3.8;4.1;5.7;3;4.2;5.1;7.2;5;4.1;9.8;8.1;5.1;5.4;5;7.5;5;4.1;17.3;3.3;2.2;3.5;5.2;4.5
2003;5.2;5.3;4.2;4.2;4.5;4.1;12.3;4.1;6.3;4.4;7.9;4;3.9;7;3.1;4.2;4;7.3;5.3;3.8;9.4;6.9;4.9;5.7;4.8;7;4.1;3.9;16.7;3.1;2.4;3.3;5.3;4.3
2004;5.1;5.1;4.1;4.1;4.5;3.9;11.6;3.5;6.1;4.4;6.8;3.7;3.9;6.4;3.3;4;4.1;6.6;4.6;3.4;9.3;8.1;3.9;5.7;4.4;6.8;3.8;3.7;16.8;3.1;2.8;3.2;5;4.2
2005;4.8;4.8;3.9;3.9;4.2;3.7;10.4;4.6;5.7;4.4;7.2;4.1;3.7;5.4;3;3.8;3.8;6.2;3.8;3.3;7.7;7.1;2.6;5.4;4.9;6.4;3.5;3.4;15;2.4;2.3;3.1;5.1;4.2
2006;4.6;4.6;3.8;3.8;3.6;4;9.7;3.1;5.2;3.5;6.6;3.4;3.5;4.4;2.8;3.8;3.7;5.7;3.9;3.2;7.4;7.2;2.5;3.7;4.4;6;3.3;3.3;13.9;2.8;1.4;3.2;4.9;4.4
2007;4.4;4.4;3.7;3.9;3.7;3.9;9.2;3.7;5.6;4;6.1;2.8;3.4;5;2.7;3.8;3.5;5.9;3.2;3.1;8.5;6.3;1.8;6.6;4.1;6;3.4;3.1;12;2.5;2;3.1;4.7;3.9
2008;4.2;4.2;3.5;3.5;3.7;3.8;8.6;3.5;4.5;4;5.9;2.4;3.3;5;2.6;3.8;2.7;5.6;3.4;3.1;6.6;5.5;1.8;8.5;3.8;5.6;3.3;2.8;11;2.5;2.5;2.7;4.6;4
2009;4.2;4.2;3.6;3.5;3.8;3.5;9;3.3;5.3;3.1;5.7;2.4;3.2;3.6;2.6;3.9;3.1;5.1;3.3;3.2;7.6;5.6;2.5;5.5;3.8;5.6;3.6;2.9;10.1;2.5;1.8;3.1;4.5;4.3
2010;4;4;3.4;3.4;3.9;3.6;9.4;3.2;4.4;3.4;5.7;2.5;3.2;3.3;2.3;3.6;3.8;5.3;3.6;3;5.6;5;3.4;5.6;3.8;5;2.5;2.7;9.8;2.5;2.2;2.8;4.2;3.8
2011;3.8;3.9;3.4;3.6;3.6;3.4;8.5;3.1;4.7;3.5;4.9;2.9;3.1;2.5;2.4;3.5;3.4;4.9;3.5;2.9;6.6;4.8;4.3;6.5;3.6;4.7;3.1;2.7;9.4;2.1;0.9;2.4;4.2;3.8
2012;3.8;3.8;3.3;3.3;3.2;3.8;7.8;3.5;3.6;3.4;5.8;1.6;3.1;3.6;2.4;3.5;2.9;4.9;3.3;2.9;6.3;3.9;2.5;5.3;3.7;4.6;3.4;2.6;9;2.6;1.1;2.5;4;3.6
2013;3.7;3.7;3.3;3.3;3.1;3.5;7.3;1.6;4.1;3.5;5.5;2.9;2.7;2.1;1.8;3.6;3.7;5;3.6;2.9;4.4;3.7;3.9;6.7;3.8;4.6;2.9;2.5;8.9;2.7;1.8;2.4;3.9;3.9
2014;3.6;3.7;3.2;3.2;3;3.4;7.6;2.1;5;4;5.8;1.8;2.8;2.7;2.2;3.5;3.7;4.5;3.3;2.8;3.8;3.9;2.8;5;3.6;4.2;2.9;2.4;8.2;2.2;2.1;2.4;3.9;3.9
2015;3.6;3.6;3.3;3.3;3.1;3.3;6.6;2.7;4.1;3.7;5.1;1.6;2.7;2.5;1.7;3.7;4;4.2;3.4;2.9;4.1;4.2;2.8;5.8;3.3;4;2.9;2.5;7.5;2.5;2.2;2.3;3.9;3.9
2016;3.6;3.6;3.3;3.4;3.1;3.2;6.5;2.6;4.3;3.1;5.4;2;2.7;2.3;1.9;3.7;4.2;3.9;3;2.8;3.7;4.5;3.8;7.4;3.5;4;3.2;2.8;6.8;2.5;0.7;2.2;3.8;3.6
2017;3.5;3.6;3.3;3.3;2.9;3.6;6.4;1.3;4;3.8;4.5;2.1;2.7;2.3;2;3.9;3.5;3.5;3;2.7;4.1;3;3.2;6.7;3.6;4;2.7;2.7;6.5;2.4;2.7;2.3;3.9;3.5
2018;3.4;3.5;3.3;3.2;2.7;3.8;5.8;2.4;4.2;3.7;5;1.7;2.7;1.6;2.1;3.8;3.5;3.3;2.9;2.8;3.2;3.4;4.3;5.6;3.5;3.8;3.3;2.6;6;2;1.7;2.3;3.9;3.3
2019;3.4;;3.2;3.2;2.9;3.6;5.6;2.6;4;3;5.1;2.1;2.6;1.6;2.1;3.8;3.7;3.6;2.8;2.4;3.4;3.3;4.7;6.7;3.6;3.8;2.8;2.6;5.8;2.1;1.1;2.1;;3.3
