Date	Open	High	Low	Close	 Numer_of_Shares	Numbers_of_Trades	Turnover	vwap
11/03/2019	14,245	14,4	14,08	14,2	1394031	2640	19778649	14,1881
12/03/2019	14,23	14,23	13,945	14,085	1866338	3513	26261444	14,0711
13/03/2019	14,06	14,55	14,03	14,55	2120258	3107	30603388	14,4338
14/03/2019	14,58	14,895	14,575	14,69	1296071	2276	19074602	14,7173
15/03/2019	14,695	14,715	14,31	14,31	2012936	2804	28948840	14,3814
18/03/2019	14,375	14,565	14,36	14,565	1291694	2792	18730617	14,5008
19/03/2019	14,595	14,81	14,595	14,72	954677	1834	14038073	14,7045
20/03/2019	14,56	14,675	14,375	14,41	1194989	2586	17275958	14,457
21/03/2019	14,49	14,535	14,23	14,235	1895477	3594	27166250	14,3321
22/03/2019	14,36	14,4	13,835	13,835	1510088	2701	21107420	13,9776
25/03/2019	13,85	13,9	13,71	13,855	1601845	2936	22122207	13,8105
26/03/2019	13,9	14,12	13,875	14,075	1299265	2326	18245165	14,0427
27/03/2019	14,1	14,23	14,02	14,18	1794435	3190	25377231	14,1422
28/03/2019	14,15	14,315	14,09	14,13	1272433	2634	18030413	14,17
29/03/2019	14,295	14,385	14,11	14,28	1272313	1869	18164907	14,2771
01/04/2019	14,39	14,465	14,315	14,465	1265018	2334	18242729	14,4209
02/04/2019	14,475	14,58	14,395	14,46	1044914	2205	15118370	14,4685
03/04/2019	14,53	14,74	14,345	14,345	1405349	2361	20294967	14,4412
04/04/2019	14,35	14,35	14,04	14,22	1609201	2952	22869298	14,2116
05/04/2019	14,225	14,255	14,01	14,15	1944868	3574	27521717	14,1509
08/04/2019	14,21	14,355	14,16	14,355	1382058	2586	19790659	14,3197
09/04/2019	14,37	14,49	14,295	14,375	1565024	3376	22523315	14,3917
10/04/2019	14,45	14,695	14,375	14,61	2530759	4483	36936371	14,595
11/04/2019	14,615	14,62	14,38	14,535	1568552	3290	22813804	14,5445
12/04/2019	14,62	14,665	14,43	14,655	1746329	3530	25506084	14,6055
15/04/2019	14,66	14,66	14,44	14,48	1770081	2852	25668506	14,5013
16/04/2019	14,47	14,53	14,33	14,4	1197190	2564	17261419	14,4183
17/04/2019	14,43	14,495	14,4	14,47	1118163	2165	16171145	14,4622
18/04/2019	14,45	14,54	14,395	14,41	1063662	1543	15353693	14,4347
23/04/2019	14,55	15,025	14,5	14,965	1901222	3265	28293331	14,8817
24/04/2019	14,925	15,055	14,775	15,03	1987615	3580	29764695	14,9751
25/04/2019	15,005	15,02	14,86	15,02	1724762	3197	25855729	14,9909
26/04/2019	14,955	14,995	14,81	14,985	2147249	4006	32098560	14,9487
29/04/2019	14,895	15,04	14,755	14,99	1660019	3367	24824074	14,9541
30/04/2019	14,95	15,035	14,84	14,97	2934627	5166	43854197	14,9437
02/05/2019	14,98	15,105	14,66	14,935	2106234	3425	31372586	14,8951
03/05/2019	14,86	15,01	14,84	14,95	1671873	2440	24988156	14,9462
06/05/2019	14,81	14,865	14,63	14,71	987919	1840	14579865	14,7582
07/05/2019	14,58	14,58	14,15	14,19	2253479	3411	32173998	14,2775
08/05/2019	14,185	14,29	14,025	14,14	1154405	2243	16315776	14,1335
09/05/2019	14,125	14,125	13,835	13,85	1345581	2422	18777930	13,9553
10/05/2019	13,99	14,115	13,895	13,895	1226409	2426	17128143	13,9661
13/05/2019	13,925	14,045	13,71	13,71	1823437	3094	25199381	13,8197
14/05/2019	13,755	14,035	13,67	13,93	1794638	3526	24941468	13,8978
15/05/2019	13,935	14,04	13,76	14	1121410	2224	15604704	13,9153
16/05/2019	13,96	14,175	13,955	14,13	1318421	2562	18587991	14,0987
17/05/2019	14,135	14,285	14,055	14,205	1190608	1854	16890071	14,1861
20/05/2019	14,175	14,53	14,175	14,265	1234690	2698	17676149	14,3163
21/05/2019	14,36	14,455	14,245	14,4	1212142	2263	17437621	14,3858
22/05/2019	14,355	14,47	14,33	14,385	1166559	2538	16781004	14,385
23/05/2019	14,3	14,3	13,93	13,965	2017384	3459	28347690	14,0517
24/05/2019	14,02	14,135	13,965	13,99	1074895	2581	15070436	14,0204
27/05/2019	14,04	14,195	14,04	14,09	342753	922	4833712	14,1026
28/05/2019	14,075	14,13	13,86	13,86	2098677	2044	29199587	13,9133
29/05/2019	13,835	13,87	13,51	13,73	1761609	3879	24113400	13,6883
30/05/2019	13,83	13,88	13,595	13,62	1034190	1668	14122411	13,6555
31/05/2019	13,5	13,5	13,25	13,48	2140433	4041	28709520	13,4129
03/06/2019	13,405	13,52	13,25	13,37	1355414	2400	18153361	13,3932
04/06/2019	13,35	13,505	13,25	13,38	1553333	3160	20775826	13,375
05/06/2019	13,415	13,535	13,315	13,38	1183309	2229	15866179	13,4083
06/06/2019	13,435	13,5	13,335	13,335	1090622	2106	14594807	13,3821
07/06/2019	13,4	13,665	13,4	13,645	1232105	2799	16753899	13,5978
10/06/2019	13,7	13,765	13,635	13,7	388323	1004	5315536	13,6884
11/06/2019	13,72	13,87	13,7	13,795	1226594	2375	16924851	13,7983
12/06/2019	13,67	13,695	13,275	13,31	1978181	3763	26479670	13,3859
13/06/2019	13,36	13,5	13,26	13,26	2310039	4196	30790110	13,3288
14/06/2019	13,325	13,33	13,135	13,15	1734528	3080	22876731	13,189
17/06/2019	13,145	13,17	12,745	12,87	1952117	3442	25064164	12,8395
18/06/2019	12,795	13,155	12,695	13,105	1777032	2779	23186261	13,0477
19/06/2019	13,095	13,205	12,99	13,05	1621882	2551	21186709	13,063
20/06/2019	13,15	13,38	13,13	13,155	2340240	3834	30865808	13,1892
21/06/2019	13,195	13,45	13,195	13,43	3124062	3072	41901798	13,4126
24/06/2019	13,48	13,58	13,275	13,33	1022342	1834	13642177	13,344
25/06/2019	13,33	13,4	13,125	13,18	1895959	3417	25046274	13,2103
26/06/2019	13,25	13,495	13,25	13,495	1937514	2955	26006571	13,4226
27/06/2019	13,44	13,5	13,3	13,445	1467857	2331	19705483	13,4247
28/06/2019	13,415	13,525	13,235	13,525	2139547	2722	28774666	13,449
01/07/2019	13,675	13,82	13,64	13,77	1823984	2881	25107792	13,7654
02/07/2019	13,83	13,845	13,595	13,615	1556719	2462	21248258	13,6494
03/07/2019	13,605	13,62	13,275	13,28	1705078	3255	22820115	13,3836
04/07/2019	13,365	13,37	13,225	13,33	1326328	2278	17661422	13,316
05/07/2019	13,28	13,405	13,26	13,3	962220	1989	12807045	13,3099
08/07/2019	13,34	13,465	13,29	13,38	695181	1452	9295863	13,3719
09/07/2019	13,505	13,52	13,35	13,485	1420898	2467	19114639	13,4525
10/07/2019	13,52	13,61	13,46	13,5	1621662	2668	21931627	13,5242
11/07/2019	13,62	13,91	13,62	13,87	1821592	2831	25186087	13,8264
12/07/2019	13,915	14,02	13,86	13,95	1730925	2593	24156357	13,9558
15/07/2019	14	14,09	13,96	14,045	1211894	2608	17007786	14,0341
16/07/2019	14	14,065	13,935	14,005	1009975	1760	14141709	14,002
17/07/2019	13,935	14,08	13,74	14,02	1414487	2359	19808620	14,0041
18/07/2019	13,955	14,035	13,885	13,94	1854878	2777	25880296	13,9526
19/07/2019	13,965	13,965	13,85	13,95	998568	2160	13910215	13,9302
22/07/2019	13,995	14,115	13,955	13,975	736687	1144	10318533	14,0067
23/07/2019	14,02	14,11	14,02	14,04	775740	1478	10909118	14,0629
24/07/2019	14,035	14,19	13,96	14,175	1220371	2224	17208785	14,1013
25/07/2019	14,165	14,385	14,135	14,185	1333387	2113	18954315	14,2152
26/07/2019	14,2	14,25	14,07	14,075	949284	1470	13408049	14,1244
29/07/2019	14,24	14,24	13,98	14,15	1466569	2867	20725820	14,1322
30/07/2019	14,23	14,45	13,975	14,01	1140245	2346	16068491	14,0921
31/07/2019	14,055	14,275	14,04	14,085	1443815	2813	20381565	14,1165
01/08/2019	14,095	14,17	13,94	14,015	1777169	3529	24938417	14,0327
02/08/2019	13,78	13,79	13,29	13,45	2547770	4425	34286391	13,4574
05/08/2019	13,315	13,355	13,17	13,305	1273490	2662	16896117	13,2676
06/08/2019	13,31	13,31	13,085	13,085	1219589	1986	16041880	13,1535
07/08/2019	13,115	13,215	12,955	12,955	2265021	4324	29551894	13,0471
08/08/2019	13,135	13,255	13,05	13,25	1722214	3345	22729907	13,1981
09/08/2019	13,22	13,315	13,065	13,065	2268606	3207	29766256	13,1209
12/08/2019	13,08	13,14	12,83	12,83	1192877	2324	15389779	12,9014
13/08/2019	12,83	13,01	12,725	12,965	1878630	3336	24263421	12,9155
14/08/2019	12,92	13	12,59	12,675	2141783	4236	27283631	12,7387
15/08/2019	12,72	12,745	12,425	12,5	1800853	3839	22568577	12,5322
16/08/2019	12,61	12,66	12,51	12,52	1135447	2437	14253086	12,5528
19/08/2019	12,715	12,795	12,65	12,7	1236944	2715	15720931	12,7095
20/08/2019	12,76	12,795	12,58	12,6	1138362	2709	14414112	12,6622
21/08/2019	12,66	12,86	12,66	12,815	1105900	2104	14175530	12,8181
22/08/2019	12,745	12,93	12,67	12,755	1310796	2269	16767864	12,7921
23/08/2019	12,795	12,835	12,59	12,615	1025199	1842	13005123	12,6855
26/08/2019	12,55	12,6	12,465	12,545	711183	1491	8920549	12,5433
27/08/2019	12,555	12,645	12,505	12,53	1129869	1267	14177612	12,548
28/08/2019	12,57	12,76	12,53	12,715	950121	1674	12056689	12,6896
29/08/2019	12,68	12,855	12,655	12,815	1175449	2060	15047023	12,8011
30/08/2019	12,82	13,06	12,78	13,06	1983010	2616	25813262	13,0172
02/09/2019	13,02	13,075	12,885	13,005	1012347	1943	13167640	13,007
03/09/2019	13,005	13,03	12,74	12,765	1074724	2352	13769173	12,8118
04/09/2019	12,895	12,995	12,84	12,91	932936	1853	12062186	12,9293
05/09/2019	12,99	13,28	12,985	13,28	1453847	2483	19189037	13,1988
06/09/2019	13,075	13,075	12,905	13	1910586	3403	24840900	13,0017
09/09/2019	13,08	13,14	12,89	13,075	1399603	2268	18233588	13,0277
10/09/2019	13,105	13,38	13,08	13,37	1833420	3473	24381619	13,2984
11/09/2019	13,365	13,485	13,17	13,19	1431108	2925	18978218	13,2612
12/09/2019	13,19	13,205	12,95	12,975	1436129	2335	18704444	13,0242
13/09/2019	13,01	13,29	12,98	13,165	1157561	2085	15255971	13,1794
16/09/2019	13,635	13,725	13,48	13,595	2402611	4167	32613179	13,5741
17/09/2019	13,65	13,795	13,51	13,63	1994015	4386	27208878	13,6453
18/09/2019	13,645	13,75	13,58	13,705	1440631	1912	19717601	13,6868
19/09/2019	13,755	13,875	13,635	13,825	1327670	2325	18324566	13,802
20/09/2019	13,785	13,93	13,765	13,925	2614420	3318	36347823	13,9028
23/09/2019	13,91	13,91	13,64	13,75	973839	2143	13377639	13,737
24/09/2019	13,75	13,765	13,62	13,675	1414431	2335	19345002	13,6769
25/09/2019	13,6	13,6	13,415	13,56	1267321	2439	17121297	13,5098
26/09/2019	13,575	13,66	13,515	13,54	1085613	2030	14728394	13,5669
27/09/2019	13,68	13,73	13,545	13,67	1255298	1948	17133943	13,6493
30/09/2019	13,665	13,895	13,575	13,825	1298816	2178	17912298	13,7913
01/10/2019	13,81	13,895	13,725	13,73	1133506	2167	15621563	13,7816
02/10/2019	13,775	13,775	13,435	13,435	2013076	2582	27186441	13,5049
03/10/2019	13,465	13,465	13,14	13,255	1321256	2532	17543962	13,2782
04/10/2019	13,42	13,44	13,3	13,37	1020473	1863	13648108	13,3743
07/10/2019	13,31	13,67	13,23	13,67	1234559	1870	16752190	13,5694
08/10/2019	13,63	13,7	13,45	13,485	2147363	2941	29011683	13,5104
09/10/2019	13,49	13,56	13,43	13,48	1483379	2797	20017179	13,4943
10/10/2019	13,475	13,525	13,395	13,46	1348901	2512	18152177	13,457
11/10/2019	13,63	13,67	13,515	13,63	1768769	2841	24083002	13,6157
14/10/2019	13,625	13,655	13,48	13,565	1275829	2114	17279033	13,5434
15/10/2019	13,6	13,745	13,59	13,65	1217409	2326	16639391	13,6679
16/10/2019	13,64	13,655	13,5	13,55	1450756	2702	19671875	13,5597
17/10/2019	13,52	13,7	13,51	13,55	1146238	2132	15576691	13,5894
18/10/2019	13,575	13,67	13,5	13,53	967307	1718	13104012	13,5469
21/10/2019	13,515	13,6	13,475	13,51	1289280	2562	17421013	13,5122
22/10/2019	13,6	13,89	13,51	13,7	1820292	3776	24958448	13,7112
23/10/2019	13,56	13,935	13,545	13,865	1664471	2344	23037096	13,8405
24/10/2019	13,965	14,14	13,895	14,125	1625050	3132	22827141	14,047
25/10/2019	14,15	14,31	14,115	14,26	1062106	2107	15133464	14,2485
28/10/2019	14,295	14,65	14,25	14,59	1562068	3171	22709323	14,538
29/10/2019	14,545	14,555	14,385	14,55	1333243	2603	19331735	14,4998
30/10/2019	14,59	14,625	14,48	14,555	1672619	3449	24355244	14,5611
31/10/2019	14,61	14,61	14,28	14,28	1671522	3032	23943350	14,3243
01/11/2019	14,285	14,365	14,17	14,305	1046612	2064	14958059	14,2919
04/11/2019	14,38	14,625	14,375	14,625	1550592	2407	22575193	14,5591
05/11/2019	14,605	14,86	14,595	14,78	1488156	2351	21997498	14,7817
06/11/2019	14,82	14,895	14,735	14,8	1643089	2714	24328911	14,8068
07/11/2019	14,855	14,99	14,83	14,955	1182970	1965	17679898	14,9453
08/11/2019	14,92	14,97	14,84	14,94	1311202	2806	19586722	14,938
11/11/2019	14,905	14,935	14,835	14,9	1550002	1734	23084476	14,8932
12/11/2019	14,95	15,06	14,91	15,05	1380980	1973	20744175	15,0213
13/11/2019	15,075	15,075	14,98	15,06	1225267	2244	18431322	15,0427
14/11/2019	15,05	15,15	14,95	15,12	1306875	1942	19744416	15,1081
15/11/2019	15,15	15,23	15,11	15,185	1542983	2612	23409497	15,1716
18/11/2019	15,195	15,275	15,165	15,21	1629566	2806	24791402	15,2135
19/11/2019	15,15	15,305	15,12	15,25	1563213	3157	23814527	15,2343
20/11/2019	15,25	15,25	15,04	15,12	2013201	3537	30426456	15,1135
21/11/2019	15,065	15,145	14,98	15,085	990853	2370	14952184	15,0902
22/11/2019	15,12	15,32	15,115	15,21	1289338	2749	19630633	15,2254
25/11/2019	15,15	15,26	15,015	15,025	1323283	2113	19958006	15,0822
26/11/2019	15,08	15,08	14,755	14,94	2574485	3383	38444185	14,9328
27/11/2019	14,93	14,94	14,81	14,87	955193	1949	14207664	14,8741
28/11/2019	14,8	14,88	14,715	14,83	567088	1258	8408083	14,8268
29/11/2019	14,8	14,865	14,735	14,775	1223228	1751	18074735	14,7763
02/12/2019	14,795	14,905	14,625	14,655	1624933	3056	23898931	14,7076
03/12/2019	14,62	14,65	14,36	14,415	1355493	2509	19590044	14,4523
04/12/2019	14,385	14,52	14,37	14,465	2026988	4437	29317119	14,4634
05/12/2019	14,495	14,655	14,455	14,49	1102928	2874	16028274	14,5325
06/12/2019	14,445	14,645	14,36	14,61	800735	1754	11663589	14,5661
09/12/2019	14,62	14,625	14,48	14,51	1248471	2763	18136147	14,5267
10/12/2019	14,5	14,5	14,215	14,215	2030513	3884	28968718	14,2667
11/12/2019	14,23	14,37	14,215	14,275	1526716	3745	21828625	14,2978
12/12/2019	14,26	14,51	14,25	14,45	1778543	3907	25644719	14,4189
13/12/2019	14,51	14,74	14,435	14,615	1930890	4018	28232813	14,6217
16/12/2019	14,62	14,835	14,605	14,7	1291775	2440	19027275	14,7296
17/12/2019	14,785	14,975	14,715	14,93	1664274	3256	24807565	14,9059
18/12/2019	14,945	15,01	14,86	14,955	1341898	2715	20056095	14,9461
19/12/2019	14,925	15,18	14,895	15,045	1619943	3075	24407920	15,0671
20/12/2019	15,035	15,19	15,035	15,17	2674390	4427	40527154	15,1538
23/12/2019	15,13	15,235	15,13	15,23	912623	2571	13874683	15,2031
24/12/2019	15,155	15,225	15,135	15,22	174337	598	2645799	15,1764
27/12/2019	15,2	15,305	14,99	15,205	698630	1655	10629452	15,2147
30/12/2019	15,21	15,215	15,08	15,145	407688	1019	6181443	15,1622
31/12/2019	15,145	15,145	14,9	14,9	252508	545	3777804	14,9611
02/01/2020	14,94	15,005	14,77	14,98	1900915	5343	28381298	14,9303
03/01/2020	15,08	15,41	15,075	15,34	1776920	3995	27184862	15,2989
06/01/2020	15,45	15,95	15,4	15,76	2046401	4826	32232465	15,7508
07/01/2020	15,715	15,795	15,63	15,655	1384762	3113	21732009	15,6937
08/01/2020	15,75	15,76	15,545	15,6	1171889	3186	18315869	15,6294
09/01/2020	15,56	15,585	15,34	15,4	1497960	2985	23130142	15,4411
10/01/2020	15,5	15,655	15,4	15,655	1825135	3058	28487372	15,6084
13/01/2020	15,63	15,66	15,505	15,565	951839	2010	14837256	15,588
14/01/2020	15,59	15,59	15,37	15,415	1806033	2870	27864529	15,4286
15/01/2020	15,455	15,455	15,06	15,115	2005908	4410	30414136	15,1623
16/01/2020	15,135	15,265	15,12	15,145	1504351	3060	22808818	15,1619
17/01/2020	15,22	15,26	14,985	15,02	1708826	3932	25703308	15,0415
20/01/2020	15,08	15,135	15,01	15,09	830470	1828	12526535	15,0837
21/01/2020	14,96	14,98	14,81	14,85	894951	2232	13292709	14,853
22/01/2020	14,845	14,87	14,565	14,565	1511450	2219	22118315	14,6338
23/01/2020	14,59	14,59	14,1	14,1	2228947	3989	31633219	14,192
24/01/2020	14,215	14,295	14,1	14,115	1541834	3154	21834418	14,1613
27/01/2020	13,89	13,94	13,715	13,78	1664617	3936	22971853	13,8001
28/01/2020	13,78	13,96	13,725	13,86	1938917	4297	26889936	13,8685
29/01/2020	13,925	14,04	13,835	13,865	2289779	4487	31845660	13,9077
30/01/2020	13,795	13,815	13,65	13,65	2238465	4651	30672768	13,7026
31/01/2020	13,73	13,795	13,485	13,64	2670893	4906	36361345	13,6139
03/02/2020	13,565	13,59	13,265	13,34	2645546	5441	35388601	13,3767
04/02/2020	13,49	13,71	13,415	13,685	1719358	3884	23406296	13,6134
05/02/2020	13,7	14,06	13,62	13,935	1764144	3450	24560211	13,9219
06/02/2020	14,075	14,085	13,735	13,765	1517557	3288	20987556	13,8298
07/02/2020	13,81	13,865	13,69	13,755	1693404	3549	23313206	13,7671
10/02/2020	13,685	13,775	13,555	13,56	1051559	2111	14295749	13,5948
11/02/2020	13,6	13,805	13,585	13,705	1423048	3400	19481423	13,6899
12/02/2020	13,72	14,05	13,72	14	1869312	4499	26061581	13,9418
13/02/2020	13,985	14,01	13,8	14	1506266	3522	21007195	13,9465
14/02/2020	14	14,115	13,94	13,97	1061892	2638	14861636	13,9954
17/02/2020	14,1	14,155	13,97	14,125	1106788	2414	15587972	14,084
18/02/2020	14,015	14,205	13,84	14,11	1682791	4101	23702503	14,0852
19/02/2020	14,35	14,595	14,235	14,585	2203021	4366	31907684	14,4836
20/02/2020	14,58	14,715	14,48	14,545	1839962	4487	26831394	14,5826
21/02/2020	14,535	14,58	14,17	14,295	1331865	3239	19032125	14,2898
24/02/2020	13,995	13,995	13,575	13,74	2035074	4533	27867291	13,6935
25/02/2020	13,9	13,96	13,57	13,605	1459313	3732	19969302	13,684
26/02/2020	13,515	13,785	13,33	13,71	2296538	4809	31295076	13,6271
27/02/2020	13,475	13,475	12,82	13,025	2616604	6052	34290125	13,1048
28/02/2020	12,7	12,755	12,35	12,37	4121068	7677	51448740	12,4843
02/03/2020	12,965	12,985	12,4	12,655	3116899	7245	39518740	12,6789
03/03/2020	12,89	13,22	12,79	12,855	2938806	7019	38157621	12,9841
04/03/2020	12,935	13	12,695	12,75	2283132	5546	29305379	12,8356
05/03/2020	12,845	12,845	12,34	12,38	2005816	4451	24960810	12,4442
06/03/2020	12,135	12,135	11,48	11,48	2863905	6170	33551051	11,7151
09/03/2020	9	10,36	8,634	9,584	6492600	16772	62846258	9,6797
10/03/2020	9,756	10,52	9,392	9,51	5588827	13439	55019936	9,8446
11/03/2020	9,692	10,145	9,2	9,398	5223431	14649	49307414	9,4397
12/03/2020	9,2	9,248	8,376	8,45	5271971	12820	46195546	8,7625
13/03/2020	8,82	9,42	8,37	8,57	4402527	8216	38611055	8,7702
16/03/2020	8,366	8,366	7,848	8,262	5461865	11854	44388886	8,1271
17/03/2020	8,678	8,828	8,222	8,828	5956359	11423	51276714	8,6087
18/03/2020	8,564	8,78	8,184	8,5	5353486	10101	45456984	8,4911
19/03/2020	8,648	8,834	8,404	8,5	5767685	11122	49453697	8,5743
20/03/2020	8,95	9,15	8,188	8,244	5868582	9592	50322535	8,5749
23/03/2020	8	8,394	7,738	8,3	3200028	5871	26166773	8,177
24/03/2020	8,64	9,394	8,5	9,394	3937184	6814	35845625	9,1044
25/03/2020	9,708	10,24	9,254	9,622	4567175	7711	43993196	9,6325
26/03/2020	9,476	9,8	9,43	9,8	3140704	5360	30404141	9,6807
27/03/2020	9,64	9,802	9,508	9,744	2927328	6314	28320213	9,6744
30/03/2020	9,7	9,98	9,388	9,98	2652580	5555	25993171	9,7992
31/03/2020	10,1	10,395	10,035	10,395	2863663	4970	29517270	10,3075
01/04/2020	10,09	10,37	10,06	10,21	3646278	6744	37230507	10,2106
02/04/2020	10,5	11,075	10,19	10,485	4031478	7130	42318694	10,4971
03/04/2020	10,38	10,525	10,18	10,36	3124294	5268	32424076	10,378
06/04/2020	10,54	10,57	9,914	9,92	2769154	5751	27831592	10,0506
07/04/2020	10,2	10,36	9,9	10,025	2633520	4982	26681328	10,1314
08/04/2020	9,97	10,08	9,67	9,97	2874036	5319	28303473	9,848
09/04/2020	10,085	10,45	10,04	10,27	3076522	6160	31524960	10,2469
14/04/2020	10,45	10,6	10,045	10,16	2682891	4935	27414469	10,2183
15/04/2020	10,01	10,03	9,562	9,646	2387194	5063	23184772	9,7121
16/04/2020	9,67	9,71	9,2	9,262	2607166	4981	24483635	9,3909
17/04/2020	9,436	9,626	9,36	9,626	2340012	5650	22255127	9,5107
20/04/2020	9,57	9,612	9,22	9,6	2147244	4304	20371423	9,4872
21/04/2020	9,442	9,458	8,986	9,064	3596563	9388	32812574	9,1233
22/04/2020	9,06	9,364	8,97	9,27	4476296	9376	41434377	9,2564
23/04/2020	9,374	9,606	9,29	9,426	3784728	9384	35712176	9,4359
24/04/2020	9,264	9,64	9,166	9,414	2893950	5211	27327607	9,443
27/04/2020	9,57	9,57	9,106	9,462	2941152	7047	27531535	9,3608
28/04/2020	9,5	9,96	9,28	9,85	3447233	6959	33371729	9,6807
29/04/2020	9,86	10,445	9,86	10,44	3186070	6333	32792614	10,2925
30/04/2020	10,5	10,845	10,425	10,515	4098622	8033	43340639	10,5744
04/05/2020	10,3	10,32	9,764	10,03	3223791	7346	32327172	10,0277
05/05/2020	10,4	10,595	10,18	10,41	2637342	5078	27409679	10,3929
06/05/2020	10,4	10,42	10,035	10,17	2058684	4029	21037645	10,219
07/05/2020	10,2	10,41	10,105	10,38	1847660	3734	19081073	10,3272
08/05/2020	10,4	10,53	10,215	10,26	1021304	2219	10522244	10,3028
11/05/2020	10,39	10,39	10,015	10,135	1237521	2605	12534243	10,1285
12/05/2020	10,055	10,195	9,874	10,01	2056549	4890	20598766	10,0162
13/05/2020	9,9	9,9	9,552	9,718	3101524	6274	30101062	9,7052
14/05/2020	9,7	9,744	9,254	9,578	1897426	4943	18050940	9,5134
15/05/2020	9,65	9,968	9,65	9,936	2919060	4871	28824552	9,8746
18/05/2020	10,12	10,695	10,1	10,67	2776111	4792	29135882	10,4952
19/05/2020	10,41	10,595	10,305	10,44	3798112	8782	39691163	10,4502
20/05/2020	10,475	10,735	10,375	10,715	1846095	3548	19589805	10,6115
21/05/2020	10,645	10,77	10,44	10,44	2096569	4823	22206611	10,5919
22/05/2020	10,42	10,59	10,19	10,45	1418660	3615	14748815	10,3963
25/05/2020	10,55	10,57	10,305	10,45	833773	2106	8685317	10,4169
26/05/2020	10,57	10,61	10,28	10,405	2399723	3832	25012814	10,4232
27/05/2020	10,435	11,065	10,42	10,895	2716067	5267	29416452	10,8305
28/05/2020	10,93	11,145	10,8	11,02	3060524	6734	33666759	11,0003
29/05/2020	11,09	11,09	10,57	10,715	4750114	6515	50799854	10,6944
01/06/2020	10,9	11,21	10,77	11,21	2461946	4171	27271478	11,0772
02/06/2020	11,25	11,75	11,115	11,7	2850790	5744	32989308	11,572
03/06/2020	11,85	12,03	11,625	11,75	2859651	5607	33824916	11,8283
04/06/2020	11,685	11,72	11,52	11,65	1794006	3553	20848231	11,621
05/06/2020	11,685	12,035	11,65	11,985	2641483	5109	31517624	11,9318
08/06/2020	12,05	12,14	11,785	11,87	2990440	6300	35808789	11,9744
09/06/2020	11,92	11,98	11,435	11,485	2587192	5309	29911904	11,5615
10/06/2020	11,5	11,55	11,135	11,25	1758145	4298	19843687	11,2867
11/06/2020	11	11,06	10,75	10,75	1590703	2928	17213498	10,8213
12/06/2020	10,615	11,07	10,5	10,8	2070991	4315	22459841	10,845
15/06/2020	10,58	10,69	10,375	10,65	2189101	4447	23123919	10,5632
16/06/2020	10,9	11,11	10,815	10,94	1914651	3878	20963607	10,949
17/06/2020	10,93	11,095	10,885	10,965	2280842	3688	25040640	10,9787
18/06/2020	10,965	11,09	10,875	10,995	1869997	3829	20550966	10,9898
19/06/2020	11,05	11,125	10,94	10,94	3611610	4069	39629942	10,9729
22/06/2020	10,795	10,85	10,66	10,735	1925602	2957	20687118	10,7432
23/06/2020	10,835	11,015	10,795	10,875	2038424	4378	22213829	10,8976
24/06/2020	10,755	10,99	10,58	10,58	1555334	3174	16650223	10,7052
25/06/2020	10,5	10,665	10,31	10,655	1577255	3531	16592691	10,52
26/06/2020	10,74	10,745	10,395	10,4	1332225	2658	14005939	10,5132
29/06/2020	10,285	10,46	10,26	10,43	1816470	3769	18885665	10,3969
30/06/2020	10,41	10,52	10,14	10,295	1668008	2928	17170527	10,294
01/07/2020	10,405	10,465	10,19	10,29	1739631	3564	17952159	10,3195
02/07/2020	10,345	10,525	10,275	10,525	1511095	3118	15764840	10,4327
03/07/2020	10,53	10,535	10,26	10,385	1054095	1818	10935394	10,3742
06/07/2020	10,39	10,63	10,39	10,55	1213622	2391	12796157	10,5438
07/07/2020	10,47	10,675	10,41	10,62	2020023	3050	21392787	10,5904
08/07/2020	10,56	10,75	10,5	10,685	1769575	2394	18861581	10,6588
09/07/2020	10,67	10,71	10,42	10,42	1504160	2669	15810884	10,5114
10/07/2020	10,365	10,505	10,285	10,465	1370567	2334	14313875	10,4438
13/07/2020	10,565	10,6	10,4	10,505	946926	1988	9944053	10,5014
14/07/2020	10,405	10,58	10,365	10,58	1280154	2462	13439568	10,4984
15/07/2020	10,625	10,645	10,39	10,45	1602190	2635	16769693	10,4667
16/07/2020	10,39	10,545	10,345	10,45	1695115	2978	17707185	10,446
17/07/2020	10,365	10,48	10,365	10,4	915228	1599	9539779	10,4234
20/07/2020	10,37	10,42	10,235	10,335	1173041	2193	12119848	10,332
21/07/2020	10,36	10,62	10,295	10,62	1810026	2971	19052847	10,5263
22/07/2020	10,585	10,695	10,395	10,42	1658408	2749	17392432	10,4874
23/07/2020	10,485	10,54	10,295	10,35	1524448	2843	15839790	10,3905
24/07/2020	10,25	10,455	10,235	10,35	1970811	3440	20409976	10,3561
27/07/2020	10,38	10,38	10,12	10,125	2158325	3306	21962995	10,1759
28/07/2020	10,185	10,185	9,588	9,588	2865471	4690	27881624	9,7302
29/07/2020	9,598	9,668	9,372	9,402	2360985	4092	22356425	9,4691
30/07/2020	9,384	9,384	9,038	9,088	2167552	4356	19853479	9,1594
31/07/2020	9,24	9,24	8,884	8,9	2224353	3495	19928572	8,9593
03/08/2020	8,978	9,13	8,804	9,124	1451910	3146	13135665	9,0472
04/08/2020	9,158	9,35	9,15	9,274	1733855	3029	16062304	9,2639
05/08/2020	9,344	9,4	9,272	9,386	1947430	3575	18203762	9,3476
06/08/2020	9,36	9,392	9,148	9,31	1202839	2501	11177818	9,2929
07/08/2020	9,286	9,292	9,148	9,152	1040869	2186	9561374	9,186
10/08/2020	9,212	9,366	9,186	9,336	945743	2368	8799789	9,3046
11/08/2020	9,4	9,648	9,37	9,612	1945290	3851	18613481	9,5685
12/08/2020	9,62	9,816	9,6	9,806	1751738	4006	17094250	9,7585
13/08/2020	9,8	9,858	9,674	9,674	1620795	3331	15786958	9,7403
14/08/2020	9,7	9,734	9,458	9,528	1005873	2287	9586929	9,531
17/08/2020	9,58	9,658	9,414	9,448	887973	1957	8421611	9,4841
18/08/2020	9,54	9,604	9,376	9,426	1155656	2000	10931402	9,459
19/08/2020	9,37	9,384	9,184	9,326	1012910	2309	9404314	9,2845
20/08/2020	9,22	9,29	9,126	9,126	1029113	1958	9452172	9,1848
21/08/2020	9,152	9,162	8,938	8,962	1817368	2642	16363352	9,0039
24/08/2020	9,048	9,368	9,036	9,368	963688	2089	8937450	9,2742
25/08/2020	9,368	9,424	9,178	9,18	1591014	3475	14730364	9,2585
26/08/2020	9,18	9,264	9,092	9,214	1105389	2454	10183385	9,2125
27/08/2020	9,192	9,206	9,018	9,106	1251264	3104	11404678	9,1145
28/08/2020	9,2	9,214	9,07	9,14	1289737	3119	11797154	9,1469
31/08/2020	9,152	9,256	8,972	8,972	1408638	2224	12730627	9,0375
01/09/2020	9,06	9,06	8,824	8,968	1188760	3043	10636053	8,9472
02/09/2020	9,012	9,1	8,866	8,876	1398121	2828	12483039	8,9284
03/09/2020	8,918	9,046	8,856	8,894	1244151	2902	11101331	8,9228
04/09/2020	8,83	9,042	8,82	8,886	1039016	2402	9277526	8,9291
07/09/2020	8,966	9,136	8,886	9,106	811440	1988	7318164	9,0187
08/09/2020	9,138	9,234	8,792	8,808	1801355	3947	16030167	8,8989
09/09/2020	8,81	9,108	8,81	9,058	1973337	4176	17812541	9,0266
10/09/2020	9,066	9,106	8,982	9,032	1748075	4233	15784888	9,0299
11/09/2020	9	9,036	8,768	8,948	1544079	3327	13746938	8,903
14/09/2020	9,004	9,1	8,834	8,844	1134664	2324	10131959	8,9295
15/09/2020	8,86	9,09	8,794	8,982	1285909	2646	11538216	8,9728
16/09/2020	9,036	9,128	8,94	9,098	1721997	2909	15612345	9,0664
17/09/2020	9,04	9,092	8,948	9,036	1275545	2351	11519525	9,0311
18/09/2020	9,002	9,084	8,69	8,712	3016086	5056	26483056	8,7806
21/09/2020	8,694	8,694	8,428	8,432	1436907	2937	12183333	8,4789
22/09/2020	8,54	8,684	8,44	8,552	1430736	3013	12251487	8,5631
23/09/2020	8,666	8,682	8,28	8,28	1830240	3644	15395092	8,4115
24/09/2020	8,2	8,2	7,96	7,982	2405349	4354	19324493	8,034
25/09/2020	8,058	8,114	7,786	7,806	1512906	3222	11919193	7,8783
28/09/2020	7,912	8,12	7,816	8,12	1523106	2338	12280576	8,0629
29/09/2020	8,13	8,13	7,758	7,758	1787170	3376	14024807	7,8475
30/09/2020	7,746	7,964	7,65	7,912	2187967	3412	17168911	7,847
01/10/2020	7,974	8,046	7,718	7,79	2464961	4932	19317580	7,8369
02/10/2020	7,7	7,804	7,53	7,802	2443278	3989	18847331	7,714
05/10/2020	7,91	8,236	7,878	8,236	1800371	2945	14686841	8,1577
06/10/2020	8,26	8,526	8,22	8,434	1864769	3877	15645414	8,39
07/10/2020	8,38	8,392	8,202	8,27	1747290	3425	14457893	8,2745
08/10/2020	8,344	8,548	8,25	8,492	1292698	2715	10932402	8,457
09/10/2020	8,52	8,52	8,366	8,422	1489991	3581	12560118	8,4297
12/10/2020	8,468	8,468	8,206	8,278	927074	1933	7675186	8,2789
13/10/2020	8,308	8,426	8,204	8,234	1138500	2787	9449248	8,2997
14/10/2020	8,222	8,318	8,112	8,318	968870	2350	7973006	8,2292
15/10/2020	8,26	8,262	7,998	8,072	1854297	3970	14980521	8,0788
16/10/2020	8,148	8,22	8,032	8,172	1597922	3476	13035915	8,158
19/10/2020	8,18	8,276	8,12	8,18	542861	1627	4435936	8,1714
20/10/2020	7,872	8,232	7,872	8,092	1360251	2915	11015871	8,0984
21/10/2020	8,13	8,138	7,852	7,862	1371892	2960	10895030	7,9416
22/10/2020	7,85	8,01	7,718	8,01	1484853	2832	11775277	7,9303
23/10/2020	7,998	8,234	7,994	8,144	1559163	2877	12689940	8,1389
26/10/2020	8,01	8,058	7,676	7,746	1867571	3874	14592054	7,8134
27/10/2020	7,75	7,842	7,358	7,4	2677593	4566	20132921	7,519
28/10/2020	7,3	7,3	6,788	6,862	5072436	8363	35200535	6,9396
29/10/2020	6,878	7,02	6,554	6,82	3935188	6554	26678038	6,7794
30/10/2020	6,79	6,986	6,746	6,954	2872410	4852	19887877	6,9238
02/11/2020	6,96	7,296	6,804	7,296	3372834	5365	23910676	7,0892
03/11/2020	7,4	7,482	7,272	7,348	2014997	4219	14836466	7,363
04/11/2020	7,272	7,334	7,09	7,25	2313577	3818	16737213	7,2343
05/11/2020	7,3	7,308	7,102	7,158	3034176	3644	21737178	7,1641
06/11/2020	7,132	7,176	6,976	7,036	2443688	4255	17221873	7,0475
09/11/2020	7,152	8,26	7,086	8,26	5073099	8408	39620427	7,8099
10/11/2020	8,3	9,054	8,128	8,874	4737584	10309	41596201	8,78
11/11/2020	8,99	9,102	8,768	8,814	2736758	5933	24280479	8,872
12/11/2020	8,602	8,74	8,4	8,64	2129826	3784	18370257	8,6252
13/11/2020	8,45	8,72	8,42	8,65	1908824	3506	16501037	8,6446
16/11/2020	8,8	9,26	8,71	9,136	3150805	5489	28527344	9,054
17/11/2020	9,114	9,114	8,74	9,018	2963037	5011	26401969	8,9104
18/11/2020	9,018	9,09	8,898	8,99	2350640	4687	21139962	8,9933
19/11/2020	8,91	8,91	8,648	8,82	2577960	5291	22649345	8,7858
20/11/2020	8,82	8,948	8,78	8,852	1644445	4017	14574638	8,863
23/11/2020	8,95	9,232	8,95	9,196	1886468	3830	17229587	9,1333
24/11/2020	9,4	9,816	9,4	9,816	3594118	6595	34883761	9,7058
25/11/2020	9,92	10,1	9,64	9,718	2962263	5649	28894929	9,7543
26/11/2020	9,74	9,74	9,5	9,5	1380829	2555	13199364	9,559
27/11/2020	9,44	9,57	9,34	9,558	1934444	4034	18405941	9,5148
30/11/2020	9,41	9,436	9,044	9,044	7041739	8043	64406674	9,1464
01/12/2020	9	9,302	8,992	9,064	2424758	5295	22129841	9,1266
02/12/2020	8,94	9,076	8,73	9,048	2702580	5374	24207288	8,9571
03/12/2020	9,04	9,04	8,78	8,858	2490880	4326	22061890	8,8571
04/12/2020	8,934	9,358	8,89	9,334	2700646	4642	24939312	9,2346
07/12/2020	9,27	9,328	9,054	9,15	2040016	4069	18691241	9,1623
08/12/2020	9,054	9,22	8,974	9,216	2373846	5302	21726029	9,1522
09/12/2020	9,154	9,356	9,136	9,162	2544272	5836	23450874	9,2171
10/12/2020	9,06	9,346	9,056	9,31	2728842	5772	25085248	9,1926
11/12/2020	9,248	9,272	9,056	9,056	2410605	4277	21964042	9,1114
14/12/2020	9,154	9,28	8,964	8,964	2562448	4414	23339965	9,1085
15/12/2020	8,95	9,088	8,822	8,884	2268459	3960	20224556	8,9155
16/12/2020	8,95	9,012	8,66	8,808	2516642	4949	22123919	8,791
17/12/2020	8,88	8,962	8,732	8,78	2711003	4447	23884658	8,8103
18/12/2020	8,732	8,784	8,602	8,784	4030039	5266	35237258	8,7437
21/12/2020	8,494	8,494	8,01	8,278	3031607	6774	24933977	8,2247
22/12/2020	8,2	8,368	8,152	8,358	2806505	4173	23310572	8,3059
23/12/2020	8,35	8,654	8,286	8,654	2722378	4579	23184761	8,5164
24/12/2020	8,74	8,836	8,636	8,8	927645	1744	8132297	8,7666
28/12/2020	8,878	8,94	8,714	8,834	1962664	3541	17377014	8,8538
29/12/2020	8,836	8,912	8,716	8,76	1278922	2627	11262768	8,8065
30/12/2020	8,794	8,802	8,71	8,762	1143061	2313	10022978	8,7685
31/12/2020	8,79	8,818	8,674	8,754	748636	1196	6549741	8,7489
04/01/2021	8,85	9,032	8,5	8,5	2893455	5654	25239542	8,723
05/01/2021	8,51	9,002	8,51	8,984	3023508	5107	26740171	8,8441
06/01/2021	9,106	9,39	9,066	9,25	3537891	6663	32795370	9,2698
07/01/2021	9,34	9,386	9,136	9,328	3297840	5870	30598668	9,2784
08/01/2021	9,38	9,4	9,224	9,31	3011870	5077	27987901	9,2925
11/01/2021	9,208	9,32	9,122	9,218	1924652	4270	17738294	9,2164
12/01/2021	9,3	9,61	9,286	9,508	2923846	5545	27766722	9,4966
13/01/2021	9,522	9,586	9,248	9,262	2410434	4800	22507225	9,3374
14/01/2021	9,24	9,47	9,15	9,388	2867754	5087	26790478	9,342
15/01/2021	9,292	9,348	8,854	8,95	3039234	5248	27494988	9,0467
18/01/2021	8,896	9,094	8,8	9,05	1655046	3134	14884533	8,9934
19/01/2021	9,136	9,334	9,12	9,226	2169540	3812	20061825	9,247
20/01/2021	9,318	9,344	9,19	9,32	2097942	4925	19474294	9,2826
21/01/2021	9,35	9,36	8,934	8,952	2589939	4654	23507627	9,0765
22/01/2021	8,848	8,974	8,71	8,8	2600033	5203	22903214	8,8088
25/01/2021	8,88	8,928	8,574	8,584	2160426	4701	18766593	8,6865
26/01/2021	8,622	8,8	8,522	8,62	3490354	7293	30239947	8,6639
27/01/2021	8,6	8,63	8,356	8,578	3105813	6690	26447669	8,5155
28/01/2021	8,434	8,588	8,36	8,5	2267189	5417	19253596	8,4923
29/01/2021	8,41	8,504	8,284	8,284	2588591	4892	21666025	8,3698
01/02/2021	8,394	8,4	8,108	8,12	2541567	4478	20801566	8,1845
02/02/2021	8,19	8,32	8,12	8,254	2651262	5077	21843747	8,239
03/02/2021	8,342	8,372	8,138	8,336	3204326	6614	26492072	8,2676
04/02/2021	8,39	8,456	8,234	8,242	2845370	5381	23577148	8,2861
05/02/2021	8,244	8,442	8,128	8,324	3047240	6492	25419925	8,342
08/02/2021	8,398	8,614	8,31	8,54	2629304	5050	22261703	8,4668
09/02/2021	8,65	9,086	8,596	8,872	3990684	7055	35611745	8,9237
10/02/2021	8,882	8,95	8,73	8,84	2439400	5082	21528469	8,8253
11/02/2021	8,844	8,93	8,764	8,922	1789467	3922	15902893	8,8869
12/02/2021	8,88	9,014	8,78	9,014	2444881	4345	21784845	8,9104
15/02/2021	9,15	9,484	9,09	9,474	2809003	5290	26259253	9,3482
16/02/2021	9,5	9,74	9,362	9,462	3302783	6052	31480292	9,5314
17/02/2021	9,41	9,78	9,37	9,578	2581168	5169	24851336	9,6279
18/02/2021	9,65	9,754	9,42	9,434	2818936	5231	26800307	9,5072
19/02/2021	9,33	9,5	9,28	9,494	1977564	3751	18685896	9,4489
22/02/2021	9,3	9,49	9,038	9,388	3113456	4909	28850756	9,2665
23/02/2021	9,54	9,63	9,132	9,208	3381769	6152	31541723	9,327
24/02/2021	9,146	9,454	9,102	9,454	3373561	5923	31473690	9,3295
25/02/2021	9,51	9,696	9,466	9,668	2848674	5377	27392882	9,616
26/02/2021	9,476	9,538	9,174	9,284	4069070	6523	37880838	9,3095
01/03/2021	9,36	9,644	9,306	9,604	2142130	3630	20389339	9,5183
02/03/2021	9,444	9,7	9,394	9,672	2464808	3727	23636453	9,5896
03/03/2021	9,71	9,884	9,62	9,74	2468392	4855	24061893	9,748
04/03/2021	9,776	10,05	9,622	9,996	2813065	4875	27803105	9,8836
05/03/2021	10	10,6	9,998	10,455	4815669	9124	50027497	10,3885
08/03/2021	10,7	10,865	10,295	10,385	3063584	6442	32123715	10,4857
